paper_id,citation,doi,publication_year,journal_source,asset,sample_period,sampling_frequency,signal,target_variable,holding_period,economic_explanation,statistical_methodology,reported_t_stats_p_values,reported_costs,reported_return,reported_sharpe,reported_drawdown,in_sample_or_out_of_sample,replication_feasibility,required_datasets,suspected_look_ahead_risks,suspected_publication_bias_risks,our_replication_result,our_robustness_result,our_conclusion,status
P001,"Gao, Han, Li & Zhou (2018), Market Intraday Momentum, Journal of Financial Economics",10.1016/j.jfineco.2018.05.009,2018,Journal of Financial Economics,S&P 500 / E-mini futures,1993-2013 (original),30-minute,first half-hour return,last half-hour return,~30 minutes,Late-informed trading / limits to arbitrage cause the last half-hour to reflect information already present in the first half-hour,Predictive regression with Newey-West HAC standard errors; half-hour interval returns,reported significant t-stats in original paper (see source),not modeled in original paper (gross),reported positive and economically large in original sample,not directly reported as an annualised Sharpe in original abstract,not reported in abstract,in-sample (original paper's own sample),high - requires only OHLC(V) at 30-min bars for ES/SPY,SPY/ES 30-minute OHLCV 1993-2013 and extension years,none identified in the original methodology as published,anomaly is well-cited and has prompted multiple replication/extension papers - some risk of a still-generalizing effect being overstated post-publication,"Smoke-tested (not a valid replication) on MES/MGC/MCL 15-min and 30-min bars (2026-06-08 to 2026-09-11), using the CORRECTED spec (first-half-hour return is overnight-inclusive: prior day's close to 10am, not same-day open -- an earlier run in this project had this wrong). Net P&L negative in 5 of 6 instrument/timeframe combos at all 3 cost scenarios; only MGC 15-min was positive. See research/hypothesis_ledger/hypothesis_ledger.csv H001 and reports/backtests/MES_IMOM_v1_all_instruments.json.","Not attempted -- largest sample is 67 trades (MES 30min), below the walk-forward/robustness minimum this mandate itself sets (section 24: 100+ trades).","Provisional non-pass on 5/6 combos tested, provisional pass on 1/6 (MGC 15min) -- not enough to conclude either way. Needs multi-year data (external vendor per section 14) before this can be answered properly.",failed
P002,"Wen, Gong, Ma & Xu (2021), Intraday momentum and return predictability: Evidence from the crude oil market, Economic Modelling",10.1016/j.econmod.2020.03.004,2021,Economic Modelling,WTI crude oil futures (CL),varies by data vendor - to confirm at replication time,30-minute,first half-hour return (oil),last half-hour return (oil),~30 minutes to full session,Analogous intraday-momentum mechanism as Gao et al. applied to crude oil; order flow persistence / gradual information diffusion,Predictive regression with HAC-robust standard errors,reported significant t-stats in original paper (see source),partially modeled,reported positive in original sample,not directly reported as annualised Sharpe in abstract,not reported in abstract,in-sample (original paper's own sample),high - requires CL 30-min OHLCV,CL 30-minute OHLCV covering original sample period,none identified in the original methodology as published,single-market replication of an established equity effect - moderate risk of overfitting to oil-specific sample,not yet run,not yet run,queued for replication,queued
P003,"Wen, Indriawan, Lien & Xu (2023), Intraday Return Predictability in the Crude Oil Market: The Role of EIA Inventory Announcements, The Energy Journal",10.5547/01956574.44.4.zwen,2023,The Energy Journal,WTI crude oil futures (CL),to confirm at replication time,5/15/30-minute post-announcement,EIA inventory surprise,post-announcement continuation/reversal return,minutes to hours post-release,EIA weekly petroleum status report is a scheduled macro surprise that reveals private supply/demand information not yet in price,Event-study regression around scheduled release timestamps; surprise = actual - consensus,reported significant t-stats in original paper (see source),event-day slippage explicitly relevant,reported positive continuation in original sample,not directly reported as annualised Sharpe in abstract,not reported in abstract,in-sample (original paper's own sample),medium - requires timestamped EIA actual/consensus with correct release-time vintages,"EIA weekly petroleum status report actuals, Bloomberg/Reuters consensus vintages, CL 5-min OHLCV",HIGH RISK if consensus data is not vintage-correct (using revised/late consensus would leak information); must use only data available at 10:30am ET release time,recent publication - forward-testing needed to see if the effect has decayed since publication,not yet run,not yet run,queued for replication,queued
P004,"Ye & Karali (2016), The informational content of inventory announcements: Intraday evidence from crude oil futures market, Energy Economics",10.1016/j.eneco.2016.08.011,2016,Energy Economics,WTI crude oil futures (CL),to confirm at replication time,intraday (tick/minute around release),EIA/API inventory surprise,intraday price response magnitude/speed,minutes post-release,Price discovery speed around scheduled inventory announcements reveals informational content and market efficiency,Event-study / intraday volatility and price-impact regressions,reported significant t-stats in original paper (see source),not the primary focus of original paper,not a trading-return paper (informational-content focus),not reported,not reported,in-sample (original paper's own sample),medium - similar data requirements to P003,"EIA/API inventory data, CL intraday data",same vintage-timing risk as P003,moderate - informational-content papers are less prone to pure return-mining bias than pure trading-strategy papers,not yet run,not yet run,queued for replication,queued
P005,"Elder, Miao & Ramchander (2012), Impact of macroeconomic news on metal futures, Journal of Banking & Finance",10.1016/j.jbankfin.2011.06.007,2012,Journal of Banking & Finance,Gold futures (GC) and other metals,to confirm at replication time,intraday around scheduled releases,macro surprise (NFP/CPI/FOMC/etc actual-consensus),intraday gold futures return,minutes to hours post-release,Gold's role as a monetary/inflation/safe-haven asset makes it sensitive to macro surprises affecting real yields and USD,Event-study regression with standardized surprise = (actual-consensus)/surprise_stdev,reported significant t-stats in original paper (see source),not the primary focus of original paper,reported significant intraday moves around releases,not reported,not reported,in-sample (original paper's own sample),medium - requires vintage-correct consensus data for multiple macro series,"Vintage macro consensus/actuals (NFP CPI FOMC etc), GC intraday OHLCV",HIGH RISK if consensus data is not vintage-correct; never use revised economic data,"moderate - macro-surprise effects on gold are a well-established, frequently-replicated literature",not yet run,not yet run,queued for replication,queued
P006,"Moskowitz, Ooi & Pedersen (2012), Time Series Momentum, Journal of Financial Economics",10.1016/j.jfineco.2011.11.003,2012,Journal of Financial Economics,58 futures/forwards across asset classes incl. equity index/commodities,1965-2009 (original),monthly (original); we test daily/intraday extension separately,12-month lookback sign of return,next 1-month return,"~1 month (original); shorter horizons are our extension, not the original claim","Trend continuation from underreaction/gradual information diffusion, initial underreaction followed by delayed overreaction, positive autocorrelation in returns across many asset classes",Time series regression of return on lagged own return sign; portfolio-level Sharpe tests,reported significant t-stats in original paper (see source),modeled with reasonable transaction costs in original paper,reported strong positive in original sample (multiple asset classes),original paper reports Sharpe near 1 for the diversified TSMOM portfolio,moderate reported drawdown in original paper,in-sample (original paper's own sample),high for the monthly original; our intraday-scale extension (5min-4hr) is a genuinely new test requiring its own out-of-sample discipline,ES/GC/CL daily and intraday OHLCV,none in the original monthly specification; DO NOT assume monthly TSMOM evidence transfers to intraday scale - section 11E of the mandate requires we test this explicitly rather than assume it,TSMOM is one of the most replicated anomalies in the literature - low publication-bias risk at monthly horizon; unknown/higher risk at the intraday horizons we must additionally test,not yet run,not yet run,queued - note our mandate is to test the INTRADAY (5min-4hr) analogue not just replicate the monthly result,queued
P007,"Szakmary, Shen & Sharma (2010), Trend-following trading strategies in commodity futures: A re-examination, Journal of Banking & Finance",10.1016/j.jbankfin.2009.08.004,2010,Journal of Banking & Finance,32 commodity futures incl. gold and crude oil,1970s-2007 (original),daily (original),moving-average and channel breakout signals,next-period return,days to weeks,Trend-following captures persistent price trends from gradual information diffusion and hedging pressure in commodity futures,Portfolio-level backtests of MA-crossover and channel-breakout systems with t-tests on mean returns,reported significant t-stats in original paper (see source),modeled with reasonable transaction costs in original paper,reported positive in original sample,not the primary reported metric,not reported in abstract,in-sample (original paper's own sample),high - requires only daily OHLCV for GC/CL,GC and CL daily OHLCV,none identified in the original daily-bar methodology,commodity trend-following is a long-replicated effect but has weakened/become more crowded post-2010 per general practitioner literature - relevant caveat for our conclusion,"NOT a replication of the paper's own monthly-horizon test (no monthly-scale history available -- see data/metadata/depth_assessment.json). Instead, per section 11E, the same dual-moving-average-crossover MECHANISM was tested at 15-min and 30-min horizons on MES/MGC/MCL, across 3 parameter pairs ((5,20),(10,30),(20,50)) since the paper's own exact parameter grid could not be verified (sciencedirect/researchgate/semanticscholar/repec all blocked by this session's network egress policy). See research/hypothesis_ledger/hypothesis_ledger.csv H002 and reports/backtests/DUAL_MA_XOVER_v1_parameter_stability.json.","FAILED basic parameter-stability check: net P&L flips sign across the 3 neighbouring parameter pairs in 4 of 6 instrument/timeframe combinations tested (MES 30min, MGC 30min, MCL 15min directionally inconsistent; MGC 15min consistently negative). Textbook 'isolated spike, not a plateau' pattern per section 21's own reject criterion.","Does not currently qualify as a working strategy at these intraday horizons on this data. Says nothing about the original paper's monthly-horizon, 48-year, 28-market finding, which this project has not attempted to replicate and cannot with the data available (section 14).",failed
P008,"Bonato, Demirer, Gupta & Pierdzioch (2018), Gold futures returns and realized moments: A forecasting experiment using a quantile-boosting approach, Resources Policy",10.1016/j.resourpol.2018.03.004,2018,Resources Policy,Gold futures (GC),to confirm at replication time,daily realized moments from intraday data,gold futures return / return quantiles,short-horizon forecast,"not applicable (forecasting paper, not a trade-holding strategy)","Realized volatility, skewness and kurtosis computed from intraday data carry forecast-relevant information about the conditional return distribution",Quantile-boosting machine-learning forecast of gold returns using realized moments as predictors,reported significant improvement over benchmark in original paper,not the primary focus of original paper,"forecasting accuracy improvement, not a trading P&L figure",not applicable (forecasting paper),not applicable,in-sample (original paper's own sample),"medium - requires intraday GC data to construct realized moments, plus a supervised ML pipeline with strictly chronological validation",GC intraday OHLCV for realized-moment construction,target leakage risk if realized moments are computed using data past the decision timestamp; must use only completed-bar information (section 44/65),ML-based forecasting papers in commodities carry elevated publication-bias/overfitting risk relative to simple linear anomaly papers - treat conclusions cautiously until replicated with purged/chronological validation,not yet run,not yet run,queued for replication - lowest priority given ML complexity rule (section 19/44),queued
P009,"Fama & French (1987), Commodity Futures Prices: Some Evidence on Forecast Power, Premiums, and the Theory of Storage, Journal of Business",10.1086/296404,1987,Journal of Business,21 commodity futures incl. metals and energy,1966-1984 (original),monthly,basis (futures price relative to spot / theory of storage),subsequent futures return,~1 month (original),"Theory of storage: backwardation reflects a convenience yield from holding physical inventory when stocks are low, and has historically been associated with a positive risk premium for holding the future","Time series regressions of returns on lagged basis, portfolio sorts by basis",reported significant t-stats in original paper (see source),"not modeled in original paper (academic, not a trading-cost study)",reported positive premium associated with backwardation in original sample,not reported as an annualised Sharpe in original paper,not reported,in-sample (original paper's own sample),"high for the monthly original; our daily/single-instrument test (section 11) is a different, faster-horizon design, not a replication",Futures term structure (front + next contract prices) for the relevant commodities,none in the original specification (uses only already-observable futures prices),"one of the most foundational, most-replicated papers in commodity futures research - low publication-bias risk at its own (monthly, cross-sectional) design; our single-instrument daily adaptation has not been separately validated in the literature","NOT a replication (see paper_id P010 entry / hypothesis_ledger.csv H003 for the actual test run, a single-instrument time-series adaptation using MCL front-vs-next contract daily basis)",n=6 trades over the available window; net P&L is 98.6% of a naive buy-and-hold benchmark over the same period -- indistinguishable from market beta given backwardation was persistent (186/197 days) during a strong rally,"Mechanism (basis/backwardation) tested at daily/single-instrument scale, not the paper's own monthly/cross-sectional design; result does not demonstrate an edge distinct from beta exposure in this sample",failed
P010,"Erb & Harvey (2006), The Strategic and Tactical Value of Commodity Futures, Financial Analysts Journal",10.2469/faj.v62.n2.4084,2006,Financial Analysts Journal,36 commodity futures,1982-2004 (original),monthly,"roll yield / term structure slope, ranked cross-sectionally across commodities",subsequent futures return,"~1 month (original), rebalanced cross-sectional portfolio",Backwardated commodities (positive roll yield) have historically outperformed contangoed commodities (negative roll yield); a long-short cross-sectional portfolio captures this risk premium more cleanly than a single-instrument time-series bet,"Cross-sectional portfolio sorts by roll yield, long top tercile / short bottom tercile",reported significant t-stats in original paper (see source),not fully modeled in original paper,reported meaningfully higher returns for backwardated vs contangoed portfolios in original sample,reported favourably vs passive commodity indices in original paper,not reported,in-sample (original paper's own sample),"low with only MES/MGC/MCL available -- the paper's edge is explicitly CROSS-SECTIONAL (ranking many commodities against each other), and this project only has 3 instruments across 3 different asset classes (equity index, gold, oil), not a broad commodity panel to rank within",Term structure for a broad commodity futures panel (this project has only 3 instruments),none in the original specification,"widely cited, practitioner-facing paper; commodity risk premia have also been reported to have weakened/become more crowded since original publication per later literature - relevant caveat","Only a single-instrument (MCL) TIME-SERIES adaptation was tested (section 11's own instruction to test the mechanism at available horizons), not the paper's actual cross-sectional design -- this project's 3-instrument universe cannot support a real cross-sectional test",n=6 trades; net P&L 98.6% of naive buy-and-hold over the same window -- not distinguishable from beta,The paper's actual design (cross-sectional ranking across a broad commodity panel) cannot be tested with only MES/MGC/MCL. The single-instrument adaptation tested here shows no edge beyond market beta in this sample. A real test needs a broader instrument universe.,failed
P011,"Zarattini & Aziz (2023), Can Day Trading Really Be Profitable? Evidence of Sustainable Long-term Profits from Opening Range Breakout (ORB) Day Trading Strategy vs. Benchmark in the US Stock Market, SSRN Working Paper 4416622",10.2139/ssrn.4416622,2023,SSRN Working Paper (not journal-published as of our search),"QQQ, SPY and a broader US equity universe (original paper)",2016-2023 (original),5-minute bars intraday (original),breakout above/below the first N-minute opening range of the regular session,intraday directional continuation after the opening range,"intraday only, closed at session end (no overnight hold)",Early-session order flow imbalance (overnight information being priced in at the open) tends to continue rather than mean-revert for a subset of sessions; a breakout of the initial range is used as a live signal of that imbalance,reported Sharpe ratios and benchmark comparison vs buy-and-hold in original paper (see source),not independently re-verifiable -- see citation caveat below,modeled in original paper (see source); not independently re-verifiable here,reported outperformance vs buy-and-hold benchmark in original paper,reported favourably vs benchmark in original paper,not independently re-verifiable -- see citation caveat below,in-sample (original paper's own sample),"medium -- mechanism (opening-range breakout, exit at session close) is simple and fully replicable; exact original parameters (range window, stop-loss rule) are NOT independently re-verifiable here",Intraday OHLCV bars covering each session's opening range through session close,"breakout must be confirmed on a bar CLOSE and acted on the following bar's open, never the breakout bar's own open/close, to avoid look-ahead -- enforced in our implementation","SSRN working paper, not peer-reviewed; day-trading strategy papers carry a well-documented general risk of survivorship/backtest-overfitting bias in this literature segment","Mechanism-only replication (not the original paper's exact parameters -- every host that would allow re-verification of those, SSRN included, was blocked by this session's network egress policy). Tested on MES/MGC/MCL x 15min/30min RTH-only bars (~21-67 sessions per cell) with three optional filters (momentum/gap-alignment, volume-confirmation, and an internal realized-volatility FEAR/GREED regime classifier) layered on individually. See reports/backtests/ORB_v1_MES_MGC_MCL_filters.json for the full 36-cell sweep.","No filter combination shows a robust edge once multiple-comparisons risk is accounted for. The single most extreme cell (MGC 30min, vol_regime=GREED: net +$2901, win rate 71%, naive t=2.67, n=28 trades) is the best result among 36 tested (instrument x bar_size x filter) cells -- under an uncorrected-multiple-testing null, seeing at least one |t|>2.67 among 36 independent draws has a non-trivial (roughly 40%) chance even with zero true edge, so this is far more consistent with a multiple-comparisons false positive than a real signal. No out-of-sample or held-out validation was performed on any of the 36 cells.","The ORB mechanism itself (opening-range breakout, next-bar execution, session-close exit) is implemented and correctly enforces no-look-ahead. Across 36 (instrument x bar_size x filter) combinations, results are inconsistent in sign and magnitude both across instruments and within the same instrument across bar sizes, with no filter reliably improving on the unfiltered baseline. Sample sizes (roughly 7-67 trades per cell) are too small for any individual cell to be statistically meaningful, and testing 36 cells without a multiple-comparisons correction or a held-out validation split means the single best-looking cell should be treated as noise, not a finding. Additionally, all data tested is RTH-only (New York session); no London-open variant of this strategy has been tested. Overall: not a demonstrated edge.",failed
P012,"Moskowitz, Ooi & Pedersen (2012), Time Series Momentum, Journal of Financial Economics 104(2), 228-250",10.1016/j.jfineco.2011.11.003,2012,Journal of Financial Economics,"58 liquid futures and forward contracts across equity indices, currencies, commodities, and bonds","1965-2009 (original, varies by instrument)",monthly,sign of a single instrument's own trailing 12-month excess return,next-month excess return of the same instrument,"1 month (original), rebalanced monthly","Initial underreaction and delayed overreaction to information, plus trend-following/momentum trading by market participants, produce serial correlation in returns within each individual instrument (distinct from cross-sectional momentum, which ranks across instruments)",Time-series regression of each instrument's return on its own lagged sign; robustness checks across 1/3/6/12-month lookbacks reported to have consistent sign,reported significant t-stats in original paper (see source),transaction costs discussed and found not to erode the effect materially in the original paper,reported positive risk-adjusted returns across nearly all 58 instruments and multiple sub-periods in original paper,reported favourably (diversified portfolio Sharpe above 1 in original sample),"reported smaller crash risk than buy-and-hold in original paper (positive skew, gains in extreme-volatility periods)","in-sample (original paper's own sample), later extended out-of-sample by other authors","medium -- single-instrument time-series mechanism is directly testable with only MES/MGC/MCL (no cross-sectional universe needed, unlike Erb & Harvey P010); however this project's daily data depth (199-448 bars per instrument) cannot support the paper's own 12-month lookback with any usable sample, so only much shorter trading-day lookbacks (20/60/120) were tested",Each instrument's own historical price series only (no panel needed) -- available here,"signal computed from a bar's own close and only ever acted on at the following bar's open, enforced in our implementation","widely cited and replicated paper; time-series momentum's live performance has been reported to have weakened since publication (2010s-2020s) in later practitioner and academic commentary, a relevant caveat for treating the original sample's Sharpe as current","Tested as a majority-vote consensus across 20/60/120-trading-day lookbacks (not the paper's own single 12-month lookback, which our daily data depth cannot support) on MES/MGC/MCL daily bars. Net POSITIVE in raw dollar terms for all three instruments (base scenario: MES +$3406, MGC +$7343, MCL +$646). See reports/backtests/MULTI_HORIZON_TREND_v1_MES_MGC_MCL.json.","In every instrument the strategy badly underperforms a naive buy-and-hold benchmark over the identical window (MES captured 84% of buy-and-hold, MGC 49%, MCL only 16%) because all three instruments happened to trend strongly upward over their available sample windows and the strategy's occasional flat/short periods cost more than they saved. Trade counts are tiny (3, 20, 3 trades) and naive_t_stat is well under 1.0 for all three -- far from any meaningful significance.","The consensus-voting fix for H002 (DUAL_MA_XOVER_v1)'s single-pair fragility works as intended -- it trades much less often and avoids obvious whipsaw losses -- but trading less often also means capturing less of a persistent trend, which is exactly what happened in this bull-biased sample. Result is observationally similar to H003's failure mode: nominally positive P&L that is mostly explained by the sample period's own directional drift, not a demonstrated timing edge.",failed
P013,"Barroso & Santa-Clara (2015), Momentum has its moments, Journal of Financial Economics 116(1), 111-120",10.1016/j.jfineco.2014.11.010,2015,Journal of Financial Economics,US equity momentum portfolios (original),1926-2011 (original),monthly,"cross-sectional equity momentum, position sized inversely to trailing realized volatility of the momentum strategy's own returns","risk-adjusted (Sharpe) momentum return, specifically crash risk reduction","1 month (original), rebalanced monthly",Momentum crashes cluster in a small number of high-volatility periods (often market rebounds after a crash); scaling exposure down when recent realized volatility is high avoids most of that crash risk while giving up relatively little of the calm-period return,Compares raw momentum portfolio Sharpe/skew to a volatility-managed version using an ex-ante realized-vol scalar,reported significant improvement in Sharpe ratio in original paper (see source),not the paper's primary focus; discussed qualitatively,reported similar mean return to unscaled momentum with much smaller left tail / crash risk,reported roughly double the unscaled momentum portfolio's Sharpe ratio in original paper,reported substantially reduced tail risk / crash magnitude versus unscaled momentum,in-sample (original paper's own sample),"medium -- the vol-scaling MECHANISM (size inversely to trailing realized vol) is directly applicable to any signal, including a single-instrument time-series trend signal; the paper's own cross-sectional equity-momentum setting is not replicable here with only 3 futures",The strategy's own trailing return series (available for any instrument/signal combination in this project),"vol-scaling weight computed only from data available at the same close the trend signal is computed from, applied to the following day's return only -- enforced in our implementation","widely cited paper; vol-managed strategies more broadly have been reported in later literature to sometimes underperform naive versions in strongly trending, low-reversal regimes (the scaling gives up upside in exactly the periods it also would have protected downside) -- directly relevant to what this project's own test found (see H006/H007)","Applied the vol-scaling MECHANISM (not the paper's own cross-sectional equity-momentum setting) on top of H005's multi-horizon trend consensus signal for MES/MGC/MCL daily bars, as a continuously-rebalanced daily-mark-to-market position rather than H005's discrete stop-and-reverse trades. Net POSITIVE in raw dollar terms for all 3 instruments but WORSE relative to buy-and-hold than the unscaled H005 version in 2 of 3 instruments (MES 48% vs H005's 84% of benchmark; MGC 31% vs H005's 49%; MCL 17% vs H005's 16%, roughly unchanged). See reports/backtests/VOL_SCALED_TREND_v1_and_PORTFOLIO.json.","Vol-scaling capped exposure during high-volatility periods, but in this sample those periods often coincided with the strongest parts of the underlying rally -- exactly the mechanism Barroso & Santa-Clara's own caveat literature warns about (scaling down in high-vol periods that turn out to be the best-returning ones). A 3-asset portfolio combination of the vol-scaled signals (H007) showed a genuine, real diversification benefit in RISK terms (daily P&L stdev reduced by a factor of ~2.1x versus the naive sum of individual stdevs, consistent with the pairwise correlations all being negative or near-zero: -0.43, -0.23, -0.04) -- but the portfolio's overlapping 78-day window return was net NEGATIVE (-$2140) while a naive buy-and-hold of the same 3 instruments over the identical window was net positive (+$176). Diversification reduced risk exactly as theory predicts; it did not create a return edge that wasn't there to begin with.","The vol-scaling mechanism works exactly as this literature describes -- it measurably reduces risk (both single-instrument drawdown and, combined across instruments, portfolio-level volatility via genuine diversification) -- but risk-scaling a signal that has no demonstrated directional edge (per H005) does not create one. Confirms the general principle (vol-scaling and diversification both do what they claim) while showing neither rescues an underlying signal that isn't there.",failed
P014,"Lou, Polk & Skouras (2019), A Tug of War: Overnight versus Intraday Expected Returns, Journal of Financial Economics 134(1), 192-213",10.1016/j.jfineco.2019.03.011,2019,Journal of Financial Economics,US equity indices and characteristic-sorted portfolios (original),1993-2013 (original),"daily, decomposed into close-to-open and open-to-close legs","none (descriptive decomposition, not a predictive signal) -- splits each day's return into overnight (close-to-open) and intraday (open-to-close) components",which leg of the daily return structurally dominates the other over time,overnight leg: close-to-open; intraday leg: open-to-close,"Overnight returns compensate informed/institutional investors for bearing risk while markets are closed (illiquidity/risk premium); intraday returns are more contaminated by uninformed retail order flow and short-term reversal, netting close to zero or negative over long samples in the paper's own equity sample",Compares cumulative overnight-only vs intraday-only portfolio returns over the sample,reported significant divergence between the two legs in original paper (see source),not the paper's primary focus for the core decomposition result,reported overnight leg substantially outperforming intraday leg in original US equity sample,not the primary reported metric in the original paper's core result,not reported,in-sample (original paper's own sample),"high -- the decomposition needs only each bar's own open/close, directly computable from daily OHLCV data already on disk for all 3 instruments",Daily OHLCV bars (available for MES/MGC/MCL),"each leg's return is only knowable once it completes (open known at open, close known at close); the backtest engine only ever acts on a leg's own already-known open/close pair, no look-ahead","widely cited; original finding is specific to US equities during specific decades -- applying the same structural question to a stock index FUTURE, a metal, and an energy future is a genuinely different test, not an assumption that the equity finding transfers","MCL (crude oil): intraday leg strongly positive and consistent in BOTH halves of the sample when split chronologically (first half net +$1357 t=1.91, second half net +$1903 t=1.66) -- the most robust result of this entire session. MGC (gold): overnight leg positive in both halves but decaying sharply (first half net +$15,780 t=2.72, second half net +$5,808 t=0.52) -- directionally consistent, magnitude not stable. MES (equity index): both legs weak, overnight leg captures only 42% of buy-and-hold, intraday only 3%, no strong finding either direction. See reports/backtests/SESSION_DECOMP_v1_MES_MGC_MCL.json.","MCL intraday leg survives a chronological split-sample check (both halves independently positive with similar t-stats and magnitude) and survives the stress cost scenario (net degrades from $3260 to $2464, about 24%, still strongly positive). MGC overnight leg also survives stress costs well (net degrades only ~9%, from $20,156 to $18,368) but the split-sample check shows its apparent edge concentrated in the first half of the sample -- treat as directionally suggestive, not confirmed.","The strongest, most differentiated finding of this project to date: crude oil's (MCL) daily return is structurally concentrated in the REGULAR TRADING SESSION (intraday), not overnight -- the opposite pattern from the classic equity anomaly this paper documents, and opposite to what MES itself shows (weakly overnight-favoring, like equities). This makes some economic sense (EIA inventory reports, OPEC news, and US macro data all land during NY trading hours for crude, unlike equities' classic overnight risk-premium story) but was not assumed going in -- it was found empirically. Gold's overnight-dominance is suggestive but not confirmed by the split-sample check. Not yet a tradeable edge (needs HAC-adjusted significance testing, longer history, and true out-of-sample validation before being trusted with capital) but the first result in this project's hypothesis ledger that clears a meaningfully higher bar than every prior rejected hypothesis.","mixed (MCL intraday leg: provisional pass, pending further robustness testing; MGC overnight leg: inconclusive; MES: failed)"
P015,"Gatev, Goetzmann & Rouwenhorst (2006), Pairs Trading: Performance of a Relative-Value Arbitrage Rule, Review of Financial Studies 19(3), 797-827",10.1093/rfs/hhj020,2006,Review of Financial Studies,"US equities, matched into cointegrated pairs by minimum historical distance (original)",1962-2002 (original),daily,"z-score of a hedged pair's price spread relative to its own trailing history; enter when the spread deviates, exit when it reverts","spread reversion, market-neutral by construction (long one leg, short the other in matched size)","variable, until spread reverts or a fixed maximum holding period (original)","Two economically related securities' prices should not diverge indefinitely; temporary divergence (from liquidity shocks, order imbalances) tends to revert, and a hedged position captures that reversion while cancelling each leg's own market-wide exposure","Distance-based pair matching, then z-score entry/exit bands on the resulting spread",reported significant excess returns for the pairs-trading rule in original paper (see source),discussed; reported returns net of estimated transaction costs still positive in original paper,reported significant risk-adjusted excess returns in original sample,reported favourably versus the market in original paper,not the primary reported metric,"in-sample (original paper's own sample), later shown by other authors to have decayed post-publication","medium -- the general MECHANISM (hedged spread, z-score entry/exit) is directly applicable to a single commodity's front/next term structure; the paper's own setting (matched pairs across many equities) cannot be replicated with only 3 futures in 3 different asset classes",Front and next contract daily prices for the same commodity (only available for MCL in this project -- MES/MGC next-contract history was inspected during the depth assessment but never persisted to disk),"z-score computed only from data through the current bar's own close, acted on only at the following bar's open -- enforced in our implementation",widely cited; pairs-trading returns have been reported in later literature to have decayed substantially since the strategy became well-known and crowded -- a real caveat for treating the original sample's results as current,"Applied to MCL front/next (MCLV6/MCLX6) daily spread, lookback=20, entry_z=1.5, exit_z=0.25 (fixed ex-ante, not fit to data). Only 10 trades over 199 days (7 short-spread, 3 long-spread). Net NEGATIVE in all 3 cost scenarios (base -$313, conservative -$343, stress -$393), win rate 30%, naive t-stat -0.95. See reports/backtests/SPREAD_MEAN_REV_v1_MCL.json.","n=10 trades is far too small to draw any conclusion, positive or negative -- this is the smallest sample of any hypothesis tested this session. Unlike H003 (ROLL_YIELD_CARRY_v1), this result is NOT contaminated by outright market beta (the position is hedged front-vs-next by construction), so the negative result is at least a clean, uncontaminated negative -- not an artifact of an unhedged directional bet.","No edge found, but also no ambiguity about why: MCL's front/next spread simply did not move far enough, often enough, from its own 20-day trailing mean to generate a meaningful sample in this ~9-month window. This is a genuine data-availability limitation (longer history would be needed for a fair test of whether commodity term-structure spreads mean-revert in a tradeable way) rather than a demonstrated absence of the effect.",failed
